{"ball.png": [0.03375, 0.03375], "blue_pointer.png": [0.0425, 0.0425], "easter_egg.png": [0.036250000000000004, 0.03375], "energy.png": [0.022, 0.022], "red_pointer.png": [0.0425, 0.0425], "square.png": [0.027499999999999997, 0.027499999999999997], "star1.png": [0.035, 0.035], "star2.png": [0.035, 0.035], "star_fragment1.png": [0.02, 0.043750000000000004], "star_fragment2.png": [0.01125, 0.0375]}